t3_17rhf7d	Need tips for the exchange program!	
t3_17rgump	Econ 295 article discussion	
t3_17rgnmt	Idk how this poster helps the cause	
t3_17re5hz	Regrade on Midterms	
t3_17r38yc	Math 222 HELP PLEASE	
t3_17r3ja6	Taking MATH 242 at very last semester	
t3_17r1sbx	To anyone that passed Math 141	
t3_17qwede	Interesting Dance Talk on McGill honourary degree recipient (and centenarian) Francoise Sullivan!	
t3_17qtgen	calling all psych students	
t3_17qu41b	ðŸŒ½ Introducing the McGill AI Society Kernel, our brand-new project incubator!	
t3_17qtqye	When Should McGill Go Private? | HESA	
t3_17qr4rn	CAQ's War on English Education	
t3_17qpka3	GameDev McGill Charity Livestream (Extra Life)	
t3_17qimtl	What if universities donâ€™t comply with the tuition hikes?	
t3_17qm0gz	National Student Clearinghouse (NSC)	
t3_17qcdoh	Anyone thinking of transferring if the tuition hikes go through?	
t3_17q82ni	Math 204	
t3_17q6ikz	Why McGill did not forced French courses?	
t3_17q5if4	There's a special place in hell reserved for TAs who don't give feedback	
t3_17q3o3s	looking for dnd group	
t3_17q20ts	Prof ghosting me after agreed to write recommendation letter?	
t3_17q0slu	Research Paper 360	
t3_17popv6	Working at MILA as an undergrad?	
t3_17plp2e	Quebec rejects offer to not raise tuition for McGill, Concordia students	
t3_17pipka	Math 242 Curve	
